{
  "src\\cli.ts": 1776399552.8597114,
  "src\\logger.ts": 1776399505.6456904,
  "src\\candidate\\fs-manager.ts": 1776229471.789743,
  "src\\candidate\\index.ts": 1776229462.7925012,
  "src\\environment\\docker-manager.ts": 1776310285.961389,
  "src\\environment\\index.ts": 1776310244.6064715,
  "src\\evaluator\\default-evaluator.ts": 1776307927.984324,
  "src\\evaluator\\dimensions.ts": 1776307799.1792371,
  "src\\evaluator\\index.ts": 1776307795.1345181,
  "src\\events\\file-log.ts": 1776229179.592995,
  "src\\events\\index.ts": 1776229184.018032,
  "src\\orchestrator\\candidate-runner.ts": 1776399779.2834911,
  "src\\orchestrator\\index.ts": 1776399260.208349,
  "src\\orchestrator\\pipeline.ts": 1776402785.0676105,
  "src\\orchestrator\\spec-builder.ts": 1776401918.268441,
  "src\\recorder\\default-recorder.ts": 1776403975.9895277,
  "src\\recorder\\index.ts": 1776403378.5467043,
  "src\\recorder\\server.ts": 1776403370.3912706,
  "src\\recorder\\video-ingest.ts": 1776403971.97551,
  "src\\submitter\\index.ts": 1776399382.7062435,
  "src\\submitter\\payload-builder.ts": 1776399243.0684533,
  "src\\submitter\\stub-submitter.ts": 1776399252.37394,
  "src\\submitter\\webhook-submitter.ts": 1776399378.9733503,
  "src\\types\\index.ts": 1776400135.2024593,
  "src\\ux-evaluator\\claude-evaluator.ts": 1776398860.7180884,
  "src\\ux-evaluator\\debate.ts": 1776398901.9987,
  "src\\ux-evaluator\\index.ts": 1776398907.9402404,
  "src\\verifier\\default-verifier.ts": 1776310304.9387653,
  "src\\verifier\\index.ts": 1776310293.3409703,
  "src\\verifier\\self-verifier.ts": 1776403436.7995608,
  "src\\verifier\\checks\\llm.ts": 1776229996.8772478,
  "src\\verifier\\checks\\runtime.ts": 1776310318.7228148,
  "src\\verifier\\checks\\static.ts": 1776305942.793287,
  "src\\worker\\adapter.ts": 1776397329.2438514,
  "src\\worker\\claude-adapter.ts": 1776402789.7340605,
  "src\\worker\\registry.ts": 1776229476.121421,
  "src\\worker\\stub-adapter.ts": 1776397335.4455538,
  "src\\workspace\\fs-manager.ts": 1776229193.8389528,
  "src\\workspace\\index.ts": 1776229196.8711188
}